<?xml version="1.0" encoding="UTF-8"?>
<!DOCTYPE mapper PUBLIC "-//mybatis.org//DTD Mapper 3.0//EN" "http://mybatis.org/dtd/mybatis-3-mapper.dtd">
<mapper namespace="cn.blooming.bep.crawler.model.mapper.CardbinMapper">
  <resultMap id="BaseResultMap" type="cn.blooming.bep.crawler.model.entity.Cardbin">
    <!--
      WARNING - @mbg.generated
      This element is automatically generated by MyBatis Generator, do not modify.
      This element was generated on Thu Jan 10 14:50:37 CST 2019.
    -->
    <id column="cardbin" jdbcType="VARCHAR" property="cardbin" />
    <result column="bank_code" jdbcType="VARCHAR" property="bankCode" />
    <result column="bank_name" jdbcType="VARCHAR" property="bankName" />
    <result column="card_type" jdbcType="VARCHAR" property="cardType" />
    <result column="status" jdbcType="TINYINT" property="status" />
  </resultMap>
  <sql id="Example_Where_Clause">
    <!--
      WARNING - @mbg.generated
      This element is automatically generated by MyBatis Generator, do not modify.
      This element was generated on Thu Jan 10 14:50:37 CST 2019.
    -->
    <where>
      <foreach collection="oredCriteria" item="criteria" separator="or">
        <if test="criteria.valid">
          <trim prefix="(" prefixOverrides="and" suffix=")">
            <foreach collection="criteria.criteria" item="criterion">
              <choose>
                <when test="criterion.noValue">
                  and ${criterion.condition}
                </when>
                <when test="criterion.singleValue">
                  and ${criterion.condition} #{criterion.value}
                </when>
                <when test="criterion.betweenValue">
                  and ${criterion.condition} #{criterion.value} and #{criterion.secondValue}
                </when>
                <when test="criterion.listValue">
                  and ${criterion.condition}
                  <foreach close=")" collection="criterion.value" item="listItem" open="(" separator=",">
                    #{listItem}
                  </foreach>
                </when>
              </choose>
            </foreach>
          </trim>
        </if>
      </foreach>
    </where>
  </sql>
  <sql id="Update_By_Example_Where_Clause">
    <!--
      WARNING - @mbg.generated
      This element is automatically generated by MyBatis Generator, do not modify.
      This element was generated on Thu Jan 10 14:50:37 CST 2019.
    -->
    <where>
      <foreach collection="example.oredCriteria" item="criteria" separator="or">
        <if test="criteria.valid">
          <trim prefix="(" prefixOverrides="and" suffix=")">
            <foreach collection="criteria.criteria" item="criterion">
              <choose>
                <when test="criterion.noValue">
                  and ${criterion.condition}
                </when>
                <when test="criterion.singleValue">
                  and ${criterion.condition} #{criterion.value}
                </when>
                <when test="criterion.betweenValue">
                  and ${criterion.condition} #{criterion.value} and #{criterion.secondValue}
                </when>
                <when test="criterion.listValue">
                  and ${criterion.condition}
                  <foreach close=")" collection="criterion.value" item="listItem" open="(" separator=",">
                    #{listItem}
                  </foreach>
                </when>
              </choose>
            </foreach>
          </trim>
        </if>
      </foreach>
    </where>
  </sql>
  <sql id="Base_Column_List">
    <!--
      WARNING - @mbg.generated
      This element is automatically generated by MyBatis Generator, do not modify.
      This element was generated on Thu Jan 10 14:50:37 CST 2019.
    -->
    cardbin, bank_code, bank_name, card_type, status
  </sql>
  <select id="selectByExample" parameterType="cn.blooming.bep.crawler.model.entity.CardbinExample" resultMap="BaseResultMap">
    <!--
      WARNING - @mbg.generated
      This element is automatically generated by MyBatis Generator, do not modify.
      This element was generated on Thu Jan 10 14:50:37 CST 2019.
    -->
    select
    <if test="distinct">
      distinct
    </if>
    <include refid="Base_Column_List" />
    from cardbin
    <if test="_parameter != null">
      <include refid="Example_Where_Clause" />
    </if>
    <if test="orderByClause != null">
      order by ${orderByClause}
    </if>
  </select>
  <select id="selectByPrimaryKey" parameterType="java.lang.String" resultMap="BaseResultMap">
    <!--
      WARNING - @mbg.generated
      This element is automatically generated by MyBatis Generator, do not modify.
      This element was generated on Thu Jan 10 14:50:37 CST 2019.
    -->
    select 
    <include refid="Base_Column_List" />
    from cardbin
    where cardbin = #{cardbin,jdbcType=VARCHAR}
  </select>
  <delete id="deleteByPrimaryKey" parameterType="java.lang.String">
    <!--
      WARNING - @mbg.generated
      This element is automatically generated by MyBatis Generator, do not modify.
      This element was generated on Thu Jan 10 14:50:37 CST 2019.
    -->
    delete from cardbin
    where cardbin = #{cardbin,jdbcType=VARCHAR}
  </delete>
  <delete id="deleteByExample" parameterType="cn.blooming.bep.crawler.model.entity.CardbinExample">
    <!--
      WARNING - @mbg.generated
      This element is automatically generated by MyBatis Generator, do not modify.
      This element was generated on Thu Jan 10 14:50:37 CST 2019.
    -->
    delete from cardbin
    <if test="_parameter != null">
      <include refid="Example_Where_Clause" />
    </if>
  </delete>
  <insert id="insert" parameterType="cn.blooming.bep.crawler.model.entity.Cardbin">
    <!--
      WARNING - @mbg.generated
      This element is automatically generated by MyBatis Generator, do not modify.
      This element was generated on Thu Jan 10 14:50:37 CST 2019.
    -->
    insert into cardbin (cardbin, bank_code, bank_name, 
      card_type, status)
    values (#{cardbin,jdbcType=VARCHAR}, #{bankCode,jdbcType=VARCHAR}, #{bankName,jdbcType=VARCHAR}, 
      #{cardType,jdbcType=VARCHAR}, #{status,jdbcType=TINYINT})
  </insert>
  <insert id="insertSelective" parameterType="cn.blooming.bep.crawler.model.entity.Cardbin">
    <!--
      WARNING - @mbg.generated
      This element is automatically generated by MyBatis Generator, do not modify.
      This element was generated on Thu Jan 10 14:50:37 CST 2019.
    -->
    insert into cardbin
    <trim prefix="(" suffix=")" suffixOverrides=",">
      <if test="cardbin != null">
        cardbin,
      </if>
      <if test="bankCode != null">
        bank_code,
      </if>
      <if test="bankName != null">
        bank_name,
      </if>
      <if test="cardType != null">
        card_type,
      </if>
      <if test="status != null">
        status,
      </if>
    </trim>
    <trim prefix="values (" suffix=")" suffixOverrides=",">
      <if test="cardbin != null">
        #{cardbin,jdbcType=VARCHAR},
      </if>
      <if test="bankCode != null">
        #{bankCode,jdbcType=VARCHAR},
      </if>
      <if test="bankName != null">
        #{bankName,jdbcType=VARCHAR},
      </if>
      <if test="cardType != null">
        #{cardType,jdbcType=VARCHAR},
      </if>
      <if test="status != null">
        #{status,jdbcType=TINYINT},
      </if>
    </trim>
  </insert>
  <select id="countByExample" parameterType="cn.blooming.bep.crawler.model.entity.CardbinExample" resultType="java.lang.Long">
    <!--
      WARNING - @mbg.generated
      This element is automatically generated by MyBatis Generator, do not modify.
      This element was generated on Thu Jan 10 14:50:37 CST 2019.
    -->
    select count(*) from cardbin
    <if test="_parameter != null">
      <include refid="Example_Where_Clause" />
    </if>
  </select>
  <update id="updateByExampleSelective" parameterType="map">
    <!--
      WARNING - @mbg.generated
      This element is automatically generated by MyBatis Generator, do not modify.
      This element was generated on Thu Jan 10 14:50:37 CST 2019.
    -->
    update cardbin
    <set>
      <if test="record.cardbin != null">
        cardbin = #{record.cardbin,jdbcType=VARCHAR},
      </if>
      <if test="record.bankCode != null">
        bank_code = #{record.bankCode,jdbcType=VARCHAR},
      </if>
      <if test="record.bankName != null">
        bank_name = #{record.bankName,jdbcType=VARCHAR},
      </if>
      <if test="record.cardType != null">
        card_type = #{record.cardType,jdbcType=VARCHAR},
      </if>
      <if test="record.status != null">
        status = #{record.status,jdbcType=TINYINT},
      </if>
    </set>
    <if test="_parameter != null">
      <include refid="Update_By_Example_Where_Clause" />
    </if>
  </update>
  <update id="updateByExample" parameterType="map">
    <!--
      WARNING - @mbg.generated
      This element is automatically generated by MyBatis Generator, do not modify.
      This element was generated on Thu Jan 10 14:50:37 CST 2019.
    -->
    update cardbin
    set cardbin = #{record.cardbin,jdbcType=VARCHAR},
      bank_code = #{record.bankCode,jdbcType=VARCHAR},
      bank_name = #{record.bankName,jdbcType=VARCHAR},
      card_type = #{record.cardType,jdbcType=VARCHAR},
      status = #{record.status,jdbcType=TINYINT}
    <if test="_parameter != null">
      <include refid="Update_By_Example_Where_Clause" />
    </if>
  </update>
  <update id="updateByPrimaryKeySelective" parameterType="cn.blooming.bep.crawler.model.entity.Cardbin">
    <!--
      WARNING - @mbg.generated
      This element is automatically generated by MyBatis Generator, do not modify.
      This element was generated on Thu Jan 10 14:50:37 CST 2019.
    -->
    update cardbin
    <set>
      <if test="bankCode != null">
        bank_code = #{bankCode,jdbcType=VARCHAR},
      </if>
      <if test="bankName != null">
        bank_name = #{bankName,jdbcType=VARCHAR},
      </if>
      <if test="cardType != null">
        card_type = #{cardType,jdbcType=VARCHAR},
      </if>
      <if test="status != null">
        status = #{status,jdbcType=TINYINT},
      </if>
    </set>
    where cardbin = #{cardbin,jdbcType=VARCHAR}
  </update>
  <update id="updateByPrimaryKey" parameterType="cn.blooming.bep.crawler.model.entity.Cardbin">
    <!--
      WARNING - @mbg.generated
      This element is automatically generated by MyBatis Generator, do not modify.
      This element was generated on Thu Jan 10 14:50:37 CST 2019.
    -->
    update cardbin
    set bank_code = #{bankCode,jdbcType=VARCHAR},
      bank_name = #{bankName,jdbcType=VARCHAR},
      card_type = #{cardType,jdbcType=VARCHAR},
      status = #{status,jdbcType=TINYINT}
    where cardbin = #{cardbin,jdbcType=VARCHAR}
  </update>
</mapper>