<?xml version="1.0" encoding="UTF-8"?>
<!DOCTYPE mapper PUBLIC "-//mybatis.org//DTD Mapper 3.0//EN" "http://mybatis.org/dtd/mybatis-3-mapper.dtd">
<mapper namespace="cn.blooming.bep.crawler.model.mapper.FundHistoryMapper">
  <resultMap id="BaseResultMap" type="cn.blooming.bep.crawler.model.entity.FundHistory">
    <!--
      WARNING - @mbg.generated
      This element is automatically generated by MyBatis Generator, do not modify.
      This element was generated on Thu Jan 10 14:50:37 CST 2019.
    -->
    <id column="code" jdbcType="CHAR" property="code" />
    <id column="date" jdbcType="DATE" property="date" />
    <result column="net_value" jdbcType="DECIMAL" property="netValue" />
    <result column="total_value" jdbcType="DECIMAL" property="totalValue" />
    <result column="rate_net_value" jdbcType="DECIMAL" property="rateNetValue" />
  </resultMap>
  <sql id="Example_Where_Clause">
    <!--
      WARNING - @mbg.generated
      This element is automatically generated by MyBatis Generator, do not modify.
      This element was generated on Thu Jan 10 14:50:37 CST 2019.
    -->
    <where>
      <foreach collection="oredCriteria" item="criteria" separator="or">
        <if test="criteria.valid">
          <trim prefix="(" prefixOverrides="and" suffix=")">
            <foreach collection="criteria.criteria" item="criterion">
              <choose>
                <when test="criterion.noValue">
                  and ${criterion.condition}
                </when>
                <when test="criterion.singleValue">
                  and ${criterion.condition} #{criterion.value}
                </when>
                <when test="criterion.betweenValue">
                  and ${criterion.condition} #{criterion.value} and #{criterion.secondValue}
                </when>
                <when test="criterion.listValue">
                  and ${criterion.condition}
                  <foreach close=")" collection="criterion.value" item="listItem" open="(" separator=",">
                    #{listItem}
                  </foreach>
                </when>
              </choose>
            </foreach>
          </trim>
        </if>
      </foreach>
    </where>
  </sql>
  <sql id="Update_By_Example_Where_Clause">
    <!--
      WARNING - @mbg.generated
      This element is automatically generated by MyBatis Generator, do not modify.
      This element was generated on Thu Jan 10 14:50:37 CST 2019.
    -->
    <where>
      <foreach collection="example.oredCriteria" item="criteria" separator="or">
        <if test="criteria.valid">
          <trim prefix="(" prefixOverrides="and" suffix=")">
            <foreach collection="criteria.criteria" item="criterion">
              <choose>
                <when test="criterion.noValue">
                  and ${criterion.condition}
                </when>
                <when test="criterion.singleValue">
                  and ${criterion.condition} #{criterion.value}
                </when>
                <when test="criterion.betweenValue">
                  and ${criterion.condition} #{criterion.value} and #{criterion.secondValue}
                </when>
                <when test="criterion.listValue">
                  and ${criterion.condition}
                  <foreach close=")" collection="criterion.value" item="listItem" open="(" separator=",">
                    #{listItem}
                  </foreach>
                </when>
              </choose>
            </foreach>
          </trim>
        </if>
      </foreach>
    </where>
  </sql>
  <sql id="Base_Column_List">
    <!--
      WARNING - @mbg.generated
      This element is automatically generated by MyBatis Generator, do not modify.
      This element was generated on Thu Jan 10 14:50:37 CST 2019.
    -->
    code, date, net_value, total_value, rate_net_value
  </sql>
  <select id="selectByExample" parameterType="cn.blooming.bep.crawler.model.entity.FundHistoryExample" resultMap="BaseResultMap">
    <!--
      WARNING - @mbg.generated
      This element is automatically generated by MyBatis Generator, do not modify.
      This element was generated on Thu Jan 10 14:50:37 CST 2019.
    -->
    select
    <if test="distinct">
      distinct
    </if>
    <include refid="Base_Column_List" />
    from fund_history
    <if test="_parameter != null">
      <include refid="Example_Where_Clause" />
    </if>
    <if test="orderByClause != null">
      order by ${orderByClause}
    </if>
  </select>
  <select id="selectByPrimaryKey" parameterType="cn.blooming.bep.crawler.model.entity.FundHistoryKey" resultMap="BaseResultMap">
    <!--
      WARNING - @mbg.generated
      This element is automatically generated by MyBatis Generator, do not modify.
      This element was generated on Thu Jan 10 14:50:37 CST 2019.
    -->
    select 
    <include refid="Base_Column_List" />
    from fund_history
    where code = #{code,jdbcType=CHAR}
      and date = #{date,jdbcType=DATE}
  </select>
  <delete id="deleteByPrimaryKey" parameterType="cn.blooming.bep.crawler.model.entity.FundHistoryKey">
    <!--
      WARNING - @mbg.generated
      This element is automatically generated by MyBatis Generator, do not modify.
      This element was generated on Thu Jan 10 14:50:37 CST 2019.
    -->
    delete from fund_history
    where code = #{code,jdbcType=CHAR}
      and date = #{date,jdbcType=DATE}
  </delete>
  <delete id="deleteByExample" parameterType="cn.blooming.bep.crawler.model.entity.FundHistoryExample">
    <!--
      WARNING - @mbg.generated
      This element is automatically generated by MyBatis Generator, do not modify.
      This element was generated on Thu Jan 10 14:50:37 CST 2019.
    -->
    delete from fund_history
    <if test="_parameter != null">
      <include refid="Example_Where_Clause" />
    </if>
  </delete>
  <insert id="insert" parameterType="cn.blooming.bep.crawler.model.entity.FundHistory">
    <!--
      WARNING - @mbg.generated
      This element is automatically generated by MyBatis Generator, do not modify.
      This element was generated on Thu Jan 10 14:50:37 CST 2019.
    -->
    insert into fund_history (code, date, net_value, 
      total_value, rate_net_value)
    values (#{code,jdbcType=CHAR}, #{date,jdbcType=DATE}, #{netValue,jdbcType=DECIMAL}, 
      #{totalValue,jdbcType=DECIMAL}, #{rateNetValue,jdbcType=DECIMAL})
  </insert>
  <insert id="insertSelective" parameterType="cn.blooming.bep.crawler.model.entity.FundHistory">
    <!--
      WARNING - @mbg.generated
      This element is automatically generated by MyBatis Generator, do not modify.
      This element was generated on Thu Jan 10 14:50:37 CST 2019.
    -->
    insert into fund_history
    <trim prefix="(" suffix=")" suffixOverrides=",">
      <if test="code != null">
        code,
      </if>
      <if test="date != null">
        date,
      </if>
      <if test="netValue != null">
        net_value,
      </if>
      <if test="totalValue != null">
        total_value,
      </if>
      <if test="rateNetValue != null">
        rate_net_value,
      </if>
    </trim>
    <trim prefix="values (" suffix=")" suffixOverrides=",">
      <if test="code != null">
        #{code,jdbcType=CHAR},
      </if>
      <if test="date != null">
        #{date,jdbcType=DATE},
      </if>
      <if test="netValue != null">
        #{netValue,jdbcType=DECIMAL},
      </if>
      <if test="totalValue != null">
        #{totalValue,jdbcType=DECIMAL},
      </if>
      <if test="rateNetValue != null">
        #{rateNetValue,jdbcType=DECIMAL},
      </if>
    </trim>
  </insert>
  <select id="countByExample" parameterType="cn.blooming.bep.crawler.model.entity.FundHistoryExample" resultType="java.lang.Long">
    <!--
      WARNING - @mbg.generated
      This element is automatically generated by MyBatis Generator, do not modify.
      This element was generated on Thu Jan 10 14:50:37 CST 2019.
    -->
    select count(*) from fund_history
    <if test="_parameter != null">
      <include refid="Example_Where_Clause" />
    </if>
  </select>
  <update id="updateByExampleSelective" parameterType="map">
    <!--
      WARNING - @mbg.generated
      This element is automatically generated by MyBatis Generator, do not modify.
      This element was generated on Thu Jan 10 14:50:37 CST 2019.
    -->
    update fund_history
    <set>
      <if test="record.code != null">
        code = #{record.code,jdbcType=CHAR},
      </if>
      <if test="record.date != null">
        date = #{record.date,jdbcType=DATE},
      </if>
      <if test="record.netValue != null">
        net_value = #{record.netValue,jdbcType=DECIMAL},
      </if>
      <if test="record.totalValue != null">
        total_value = #{record.totalValue,jdbcType=DECIMAL},
      </if>
      <if test="record.rateNetValue != null">
        rate_net_value = #{record.rateNetValue,jdbcType=DECIMAL},
      </if>
    </set>
    <if test="_parameter != null">
      <include refid="Update_By_Example_Where_Clause" />
    </if>
  </update>
  <update id="updateByExample" parameterType="map">
    <!--
      WARNING - @mbg.generated
      This element is automatically generated by MyBatis Generator, do not modify.
      This element was generated on Thu Jan 10 14:50:37 CST 2019.
    -->
    update fund_history
    set code = #{record.code,jdbcType=CHAR},
      date = #{record.date,jdbcType=DATE},
      net_value = #{record.netValue,jdbcType=DECIMAL},
      total_value = #{record.totalValue,jdbcType=DECIMAL},
      rate_net_value = #{record.rateNetValue,jdbcType=DECIMAL}
    <if test="_parameter != null">
      <include refid="Update_By_Example_Where_Clause" />
    </if>
  </update>
  <update id="updateByPrimaryKeySelective" parameterType="cn.blooming.bep.crawler.model.entity.FundHistory">
    <!--
      WARNING - @mbg.generated
      This element is automatically generated by MyBatis Generator, do not modify.
      This element was generated on Thu Jan 10 14:50:37 CST 2019.
    -->
    update fund_history
    <set>
      <if test="netValue != null">
        net_value = #{netValue,jdbcType=DECIMAL},
      </if>
      <if test="totalValue != null">
        total_value = #{totalValue,jdbcType=DECIMAL},
      </if>
      <if test="rateNetValue != null">
        rate_net_value = #{rateNetValue,jdbcType=DECIMAL},
      </if>
    </set>
    where code = #{code,jdbcType=CHAR}
      and date = #{date,jdbcType=DATE}
  </update>
  <update id="updateByPrimaryKey" parameterType="cn.blooming.bep.crawler.model.entity.FundHistory">
    <!--
      WARNING - @mbg.generated
      This element is automatically generated by MyBatis Generator, do not modify.
      This element was generated on Thu Jan 10 14:50:37 CST 2019.
    -->
    update fund_history
    set net_value = #{netValue,jdbcType=DECIMAL},
      total_value = #{totalValue,jdbcType=DECIMAL},
      rate_net_value = #{rateNetValue,jdbcType=DECIMAL}
    where code = #{code,jdbcType=CHAR}
      and date = #{date,jdbcType=DATE}
  </update>
</mapper>