<?xml version="1.0" encoding="UTF-8"?>
<!DOCTYPE mapper PUBLIC "-//mybatis.org//DTD Mapper 3.0//EN" "http://mybatis.org/dtd/mybatis-3-mapper.dtd">
<mapper namespace="cn.blooming.bep.crawler.model.mapper.FundHouseMapper">
  <resultMap id="BaseResultMap" type="cn.blooming.bep.crawler.model.entity.FundHouse">
    <!--
      WARNING - @mbg.generated
      This element is automatically generated by MyBatis Generator, do not modify.
      This element was generated on Thu Jan 10 14:50:37 CST 2019.
    -->
    <id column="code" jdbcType="VARCHAR" property="code" />
    <result column="name" jdbcType="VARCHAR" property="name" />
  </resultMap>
  <sql id="Example_Where_Clause">
    <!--
      WARNING - @mbg.generated
      This element is automatically generated by MyBatis Generator, do not modify.
      This element was generated on Thu Jan 10 14:50:37 CST 2019.
    -->
    <where>
      <foreach collection="oredCriteria" item="criteria" separator="or">
        <if test="criteria.valid">
          <trim prefix="(" prefixOverrides="and" suffix=")">
            <foreach collection="criteria.criteria" item="criterion">
              <choose>
                <when test="criterion.noValue">
                  and ${criterion.condition}
                </when>
                <when test="criterion.singleValue">
                  and ${criterion.condition} #{criterion.value}
                </when>
                <when test="criterion.betweenValue">
                  and ${criterion.condition} #{criterion.value} and #{criterion.secondValue}
                </when>
                <when test="criterion.listValue">
                  and ${criterion.condition}
                  <foreach close=")" collection="criterion.value" item="listItem" open="(" separator=",">
                    #{listItem}
                  </foreach>
                </when>
              </choose>
            </foreach>
          </trim>
        </if>
      </foreach>
    </where>
  </sql>
  <sql id="Update_By_Example_Where_Clause">
    <!--
      WARNING - @mbg.generated
      This element is automatically generated by MyBatis Generator, do not modify.
      This element was generated on Thu Jan 10 14:50:37 CST 2019.
    -->
    <where>
      <foreach collection="example.oredCriteria" item="criteria" separator="or">
        <if test="criteria.valid">
          <trim prefix="(" prefixOverrides="and" suffix=")">
            <foreach collection="criteria.criteria" item="criterion">
              <choose>
                <when test="criterion.noValue">
                  and ${criterion.condition}
                </when>
                <when test="criterion.singleValue">
                  and ${criterion.condition} #{criterion.value}
                </when>
                <when test="criterion.betweenValue">
                  and ${criterion.condition} #{criterion.value} and #{criterion.secondValue}
                </when>
                <when test="criterion.listValue">
                  and ${criterion.condition}
                  <foreach close=")" collection="criterion.value" item="listItem" open="(" separator=",">
                    #{listItem}
                  </foreach>
                </when>
              </choose>
            </foreach>
          </trim>
        </if>
      </foreach>
    </where>
  </sql>
  <sql id="Base_Column_List">
    <!--
      WARNING - @mbg.generated
      This element is automatically generated by MyBatis Generator, do not modify.
      This element was generated on Thu Jan 10 14:50:37 CST 2019.
    -->
    code, name
  </sql>
  <select id="selectByExample" parameterType="cn.blooming.bep.crawler.model.entity.FundHouseExample" resultMap="BaseResultMap">
    <!--
      WARNING - @mbg.generated
      This element is automatically generated by MyBatis Generator, do not modify.
      This element was generated on Thu Jan 10 14:50:37 CST 2019.
    -->
    select
    <if test="distinct">
      distinct
    </if>
    <include refid="Base_Column_List" />
    from fund_house
    <if test="_parameter != null">
      <include refid="Example_Where_Clause" />
    </if>
    <if test="orderByClause != null">
      order by ${orderByClause}
    </if>
  </select>
  <select id="selectByPrimaryKey" parameterType="java.lang.String" resultMap="BaseResultMap">
    <!--
      WARNING - @mbg.generated
      This element is automatically generated by MyBatis Generator, do not modify.
      This element was generated on Thu Jan 10 14:50:37 CST 2019.
    -->
    select 
    <include refid="Base_Column_List" />
    from fund_house
    where code = #{code,jdbcType=VARCHAR}
  </select>
  <delete id="deleteByPrimaryKey" parameterType="java.lang.String">
    <!--
      WARNING - @mbg.generated
      This element is automatically generated by MyBatis Generator, do not modify.
      This element was generated on Thu Jan 10 14:50:37 CST 2019.
    -->
    delete from fund_house
    where code = #{code,jdbcType=VARCHAR}
  </delete>
  <delete id="deleteByExample" parameterType="cn.blooming.bep.crawler.model.entity.FundHouseExample">
    <!--
      WARNING - @mbg.generated
      This element is automatically generated by MyBatis Generator, do not modify.
      This element was generated on Thu Jan 10 14:50:37 CST 2019.
    -->
    delete from fund_house
    <if test="_parameter != null">
      <include refid="Example_Where_Clause" />
    </if>
  </delete>
  <insert id="insert" parameterType="cn.blooming.bep.crawler.model.entity.FundHouse">
    <!--
      WARNING - @mbg.generated
      This element is automatically generated by MyBatis Generator, do not modify.
      This element was generated on Thu Jan 10 14:50:37 CST 2019.
    -->
    insert into fund_house (code, name)
    values (#{code,jdbcType=VARCHAR}, #{name,jdbcType=VARCHAR})
  </insert>
  <insert id="insertSelective" parameterType="cn.blooming.bep.crawler.model.entity.FundHouse">
    <!--
      WARNING - @mbg.generated
      This element is automatically generated by MyBatis Generator, do not modify.
      This element was generated on Thu Jan 10 14:50:37 CST 2019.
    -->
    insert into fund_house
    <trim prefix="(" suffix=")" suffixOverrides=",">
      <if test="code != null">
        code,
      </if>
      <if test="name != null">
        name,
      </if>
    </trim>
    <trim prefix="values (" suffix=")" suffixOverrides=",">
      <if test="code != null">
        #{code,jdbcType=VARCHAR},
      </if>
      <if test="name != null">
        #{name,jdbcType=VARCHAR},
      </if>
    </trim>
  </insert>
  <select id="countByExample" parameterType="cn.blooming.bep.crawler.model.entity.FundHouseExample" resultType="java.lang.Long">
    <!--
      WARNING - @mbg.generated
      This element is automatically generated by MyBatis Generator, do not modify.
      This element was generated on Thu Jan 10 14:50:37 CST 2019.
    -->
    select count(*) from fund_house
    <if test="_parameter != null">
      <include refid="Example_Where_Clause" />
    </if>
  </select>
  <update id="updateByExampleSelective" parameterType="map">
    <!--
      WARNING - @mbg.generated
      This element is automatically generated by MyBatis Generator, do not modify.
      This element was generated on Thu Jan 10 14:50:37 CST 2019.
    -->
    update fund_house
    <set>
      <if test="record.code != null">
        code = #{record.code,jdbcType=VARCHAR},
      </if>
      <if test="record.name != null">
        name = #{record.name,jdbcType=VARCHAR},
      </if>
    </set>
    <if test="_parameter != null">
      <include refid="Update_By_Example_Where_Clause" />
    </if>
  </update>
  <update id="updateByExample" parameterType="map">
    <!--
      WARNING - @mbg.generated
      This element is automatically generated by MyBatis Generator, do not modify.
      This element was generated on Thu Jan 10 14:50:37 CST 2019.
    -->
    update fund_house
    set code = #{record.code,jdbcType=VARCHAR},
      name = #{record.name,jdbcType=VARCHAR}
    <if test="_parameter != null">
      <include refid="Update_By_Example_Where_Clause" />
    </if>
  </update>
  <update id="updateByPrimaryKeySelective" parameterType="cn.blooming.bep.crawler.model.entity.FundHouse">
    <!--
      WARNING - @mbg.generated
      This element is automatically generated by MyBatis Generator, do not modify.
      This element was generated on Thu Jan 10 14:50:37 CST 2019.
    -->
    update fund_house
    <set>
      <if test="name != null">
        name = #{name,jdbcType=VARCHAR},
      </if>
    </set>
    where code = #{code,jdbcType=VARCHAR}
  </update>
  <update id="updateByPrimaryKey" parameterType="cn.blooming.bep.crawler.model.entity.FundHouse">
    <!--
      WARNING - @mbg.generated
      This element is automatically generated by MyBatis Generator, do not modify.
      This element was generated on Thu Jan 10 14:50:37 CST 2019.
    -->
    update fund_house
    set name = #{name,jdbcType=VARCHAR}
    where code = #{code,jdbcType=VARCHAR}
  </update>
</mapper>