<?xml version="1.0" encoding="UTF-8"?>
<!DOCTYPE mapper PUBLIC "-//mybatis.org//DTD Mapper 3.0//EN" "http://mybatis.org/dtd/mybatis-3-mapper.dtd">
<mapper namespace="cn.blooming.bep.crawler.model.mapper.FundMapper">
  <resultMap id="BaseResultMap" type="cn.blooming.bep.crawler.model.entity.Fund">
    <!--
      WARNING - @mbg.generated
      This element is automatically generated by MyBatis Generator, do not modify.
      This element was generated on Thu Jan 10 14:50:37 CST 2019.
    -->
    <id column="code" jdbcType="CHAR" property="code" />
    <result column="name" jdbcType="VARCHAR" property="name" />
    <result column="type" jdbcType="VARCHAR" property="type" />
    <result column="fund_house_code" jdbcType="VARCHAR" property="fundHouseCode" />
    <result column="rate_current_year" jdbcType="DECIMAL" property="rateCurrentYear" />
    <result column="rate_7days" jdbcType="DECIMAL" property="rate7days" />
    <result column="net_value" jdbcType="DECIMAL" property="netValue" />
    <result column="rate_net_value" jdbcType="DECIMAL" property="rateNetValue" />
    <result column="total_value" jdbcType="DECIMAL" property="totalValue" />
    <result column="updated_time" jdbcType="DATE" property="updatedTime" />
    <result column="rate_month" jdbcType="DECIMAL" property="rateMonth" />
    <result column="rate_quarter" jdbcType="DECIMAL" property="rateQuarter" />
    <result column="rate_half" jdbcType="DECIMAL" property="rateHalf" />
    <result column="rate_year" jdbcType="DECIMAL" property="rateYear" />
    <result column="rate_three_year" jdbcType="DECIMAL" property="rateThreeYear" />
    <result column="rate_five_year" jdbcType="DECIMAL" property="rateFiveYear" />
    <result column="rate_start" jdbcType="DECIMAL" property="rateStart" />
    <result column="start_date" jdbcType="DATE" property="startDate" />
    <result column="risk_level" jdbcType="VARCHAR" property="riskLevel" />
    <result column="scale" jdbcType="DECIMAL" property="scale" />
    <result column="level" jdbcType="VARCHAR" property="level" />
  </resultMap>
  <sql id="Example_Where_Clause">
    <!--
      WARNING - @mbg.generated
      This element is automatically generated by MyBatis Generator, do not modify.
      This element was generated on Thu Jan 10 14:50:37 CST 2019.
    -->
    <where>
      <foreach collection="oredCriteria" item="criteria" separator="or">
        <if test="criteria.valid">
          <trim prefix="(" prefixOverrides="and" suffix=")">
            <foreach collection="criteria.criteria" item="criterion">
              <choose>
                <when test="criterion.noValue">
                  and ${criterion.condition}
                </when>
                <when test="criterion.singleValue">
                  and ${criterion.condition} #{criterion.value}
                </when>
                <when test="criterion.betweenValue">
                  and ${criterion.condition} #{criterion.value} and #{criterion.secondValue}
                </when>
                <when test="criterion.listValue">
                  and ${criterion.condition}
                  <foreach close=")" collection="criterion.value" item="listItem" open="(" separator=",">
                    #{listItem}
                  </foreach>
                </when>
              </choose>
            </foreach>
          </trim>
        </if>
      </foreach>
    </where>
  </sql>
  <sql id="Update_By_Example_Where_Clause">
    <!--
      WARNING - @mbg.generated
      This element is automatically generated by MyBatis Generator, do not modify.
      This element was generated on Thu Jan 10 14:50:37 CST 2019.
    -->
    <where>
      <foreach collection="example.oredCriteria" item="criteria" separator="or">
        <if test="criteria.valid">
          <trim prefix="(" prefixOverrides="and" suffix=")">
            <foreach collection="criteria.criteria" item="criterion">
              <choose>
                <when test="criterion.noValue">
                  and ${criterion.condition}
                </when>
                <when test="criterion.singleValue">
                  and ${criterion.condition} #{criterion.value}
                </when>
                <when test="criterion.betweenValue">
                  and ${criterion.condition} #{criterion.value} and #{criterion.secondValue}
                </when>
                <when test="criterion.listValue">
                  and ${criterion.condition}
                  <foreach close=")" collection="criterion.value" item="listItem" open="(" separator=",">
                    #{listItem}
                  </foreach>
                </when>
              </choose>
            </foreach>
          </trim>
        </if>
      </foreach>
    </where>
  </sql>
  <sql id="Base_Column_List">
    <!--
      WARNING - @mbg.generated
      This element is automatically generated by MyBatis Generator, do not modify.
      This element was generated on Thu Jan 10 14:50:37 CST 2019.
    -->
    code, name, type, fund_house_code, rate_current_year, rate_7days, net_value, rate_net_value, 
    total_value, updated_time, rate_month, rate_quarter, rate_half, rate_year, rate_three_year, 
    rate_five_year, rate_start, start_date, risk_level, scale, level
  </sql>
  <select id="selectByExample" parameterType="cn.blooming.bep.crawler.model.entity.FundExample" resultMap="BaseResultMap">
    <!--
      WARNING - @mbg.generated
      This element is automatically generated by MyBatis Generator, do not modify.
      This element was generated on Thu Jan 10 14:50:37 CST 2019.
    -->
    select
    <if test="distinct">
      distinct
    </if>
    <include refid="Base_Column_List" />
    from fund
    <if test="_parameter != null">
      <include refid="Example_Where_Clause" />
    </if>
    <if test="orderByClause != null">
      order by ${orderByClause}
    </if>
  </select>
  <select id="selectByPrimaryKey" parameterType="java.lang.String" resultMap="BaseResultMap">
    <!--
      WARNING - @mbg.generated
      This element is automatically generated by MyBatis Generator, do not modify.
      This element was generated on Thu Jan 10 14:50:37 CST 2019.
    -->
    select 
    <include refid="Base_Column_List" />
    from fund
    where code = #{code,jdbcType=CHAR}
  </select>
  <delete id="deleteByPrimaryKey" parameterType="java.lang.String">
    <!--
      WARNING - @mbg.generated
      This element is automatically generated by MyBatis Generator, do not modify.
      This element was generated on Thu Jan 10 14:50:37 CST 2019.
    -->
    delete from fund
    where code = #{code,jdbcType=CHAR}
  </delete>
  <delete id="deleteByExample" parameterType="cn.blooming.bep.crawler.model.entity.FundExample">
    <!--
      WARNING - @mbg.generated
      This element is automatically generated by MyBatis Generator, do not modify.
      This element was generated on Thu Jan 10 14:50:37 CST 2019.
    -->
    delete from fund
    <if test="_parameter != null">
      <include refid="Example_Where_Clause" />
    </if>
  </delete>
  <insert id="insert" parameterType="cn.blooming.bep.crawler.model.entity.Fund">
    <!--
      WARNING - @mbg.generated
      This element is automatically generated by MyBatis Generator, do not modify.
      This element was generated on Thu Jan 10 14:50:37 CST 2019.
    -->
    insert into fund (code, name, type, 
      fund_house_code, rate_current_year, rate_7days, 
      net_value, rate_net_value, total_value, 
      updated_time, rate_month, rate_quarter, 
      rate_half, rate_year, rate_three_year, 
      rate_five_year, rate_start, start_date, 
      risk_level, scale, level
      )
    values (#{code,jdbcType=CHAR}, #{name,jdbcType=VARCHAR}, #{type,jdbcType=VARCHAR}, 
      #{fundHouseCode,jdbcType=VARCHAR}, #{rateCurrentYear,jdbcType=DECIMAL}, #{rate7days,jdbcType=DECIMAL}, 
      #{netValue,jdbcType=DECIMAL}, #{rateNetValue,jdbcType=DECIMAL}, #{totalValue,jdbcType=DECIMAL}, 
      #{updatedTime,jdbcType=DATE}, #{rateMonth,jdbcType=DECIMAL}, #{rateQuarter,jdbcType=DECIMAL}, 
      #{rateHalf,jdbcType=DECIMAL}, #{rateYear,jdbcType=DECIMAL}, #{rateThreeYear,jdbcType=DECIMAL}, 
      #{rateFiveYear,jdbcType=DECIMAL}, #{rateStart,jdbcType=DECIMAL}, #{startDate,jdbcType=DATE}, 
      #{riskLevel,jdbcType=VARCHAR}, #{scale,jdbcType=DECIMAL}, #{level,jdbcType=VARCHAR}
      )
  </insert>
  <insert id="insertSelective" parameterType="cn.blooming.bep.crawler.model.entity.Fund">
    <!--
      WARNING - @mbg.generated
      This element is automatically generated by MyBatis Generator, do not modify.
      This element was generated on Thu Jan 10 14:50:37 CST 2019.
    -->
    insert into fund
    <trim prefix="(" suffix=")" suffixOverrides=",">
      <if test="code != null">
        code,
      </if>
      <if test="name != null">
        name,
      </if>
      <if test="type != null">
        type,
      </if>
      <if test="fundHouseCode != null">
        fund_house_code,
      </if>
      <if test="rateCurrentYear != null">
        rate_current_year,
      </if>
      <if test="rate7days != null">
        rate_7days,
      </if>
      <if test="netValue != null">
        net_value,
      </if>
      <if test="rateNetValue != null">
        rate_net_value,
      </if>
      <if test="totalValue != null">
        total_value,
      </if>
      <if test="updatedTime != null">
        updated_time,
      </if>
      <if test="rateMonth != null">
        rate_month,
      </if>
      <if test="rateQuarter != null">
        rate_quarter,
      </if>
      <if test="rateHalf != null">
        rate_half,
      </if>
      <if test="rateYear != null">
        rate_year,
      </if>
      <if test="rateThreeYear != null">
        rate_three_year,
      </if>
      <if test="rateFiveYear != null">
        rate_five_year,
      </if>
      <if test="rateStart != null">
        rate_start,
      </if>
      <if test="startDate != null">
        start_date,
      </if>
      <if test="riskLevel != null">
        risk_level,
      </if>
      <if test="scale != null">
        scale,
      </if>
      <if test="level != null">
        level,
      </if>
    </trim>
    <trim prefix="values (" suffix=")" suffixOverrides=",">
      <if test="code != null">
        #{code,jdbcType=CHAR},
      </if>
      <if test="name != null">
        #{name,jdbcType=VARCHAR},
      </if>
      <if test="type != null">
        #{type,jdbcType=VARCHAR},
      </if>
      <if test="fundHouseCode != null">
        #{fundHouseCode,jdbcType=VARCHAR},
      </if>
      <if test="rateCurrentYear != null">
        #{rateCurrentYear,jdbcType=DECIMAL},
      </if>
      <if test="rate7days != null">
        #{rate7days,jdbcType=DECIMAL},
      </if>
      <if test="netValue != null">
        #{netValue,jdbcType=DECIMAL},
      </if>
      <if test="rateNetValue != null">
        #{rateNetValue,jdbcType=DECIMAL},
      </if>
      <if test="totalValue != null">
        #{totalValue,jdbcType=DECIMAL},
      </if>
      <if test="updatedTime != null">
        #{updatedTime,jdbcType=DATE},
      </if>
      <if test="rateMonth != null">
        #{rateMonth,jdbcType=DECIMAL},
      </if>
      <if test="rateQuarter != null">
        #{rateQuarter,jdbcType=DECIMAL},
      </if>
      <if test="rateHalf != null">
        #{rateHalf,jdbcType=DECIMAL},
      </if>
      <if test="rateYear != null">
        #{rateYear,jdbcType=DECIMAL},
      </if>
      <if test="rateThreeYear != null">
        #{rateThreeYear,jdbcType=DECIMAL},
      </if>
      <if test="rateFiveYear != null">
        #{rateFiveYear,jdbcType=DECIMAL},
      </if>
      <if test="rateStart != null">
        #{rateStart,jdbcType=DECIMAL},
      </if>
      <if test="startDate != null">
        #{startDate,jdbcType=DATE},
      </if>
      <if test="riskLevel != null">
        #{riskLevel,jdbcType=VARCHAR},
      </if>
      <if test="scale != null">
        #{scale,jdbcType=DECIMAL},
      </if>
      <if test="level != null">
        #{level,jdbcType=VARCHAR},
      </if>
    </trim>
  </insert>
  <select id="countByExample" parameterType="cn.blooming.bep.crawler.model.entity.FundExample" resultType="java.lang.Long">
    <!--
      WARNING - @mbg.generated
      This element is automatically generated by MyBatis Generator, do not modify.
      This element was generated on Thu Jan 10 14:50:37 CST 2019.
    -->
    select count(*) from fund
    <if test="_parameter != null">
      <include refid="Example_Where_Clause" />
    </if>
  </select>
  <update id="updateByExampleSelective" parameterType="map">
    <!--
      WARNING - @mbg.generated
      This element is automatically generated by MyBatis Generator, do not modify.
      This element was generated on Thu Jan 10 14:50:37 CST 2019.
    -->
    update fund
    <set>
      <if test="record.code != null">
        code = #{record.code,jdbcType=CHAR},
      </if>
      <if test="record.name != null">
        name = #{record.name,jdbcType=VARCHAR},
      </if>
      <if test="record.type != null">
        type = #{record.type,jdbcType=VARCHAR},
      </if>
      <if test="record.fundHouseCode != null">
        fund_house_code = #{record.fundHouseCode,jdbcType=VARCHAR},
      </if>
      <if test="record.rateCurrentYear != null">
        rate_current_year = #{record.rateCurrentYear,jdbcType=DECIMAL},
      </if>
      <if test="record.rate7days != null">
        rate_7days = #{record.rate7days,jdbcType=DECIMAL},
      </if>
      <if test="record.netValue != null">
        net_value = #{record.netValue,jdbcType=DECIMAL},
      </if>
      <if test="record.rateNetValue != null">
        rate_net_value = #{record.rateNetValue,jdbcType=DECIMAL},
      </if>
      <if test="record.totalValue != null">
        total_value = #{record.totalValue,jdbcType=DECIMAL},
      </if>
      <if test="record.updatedTime != null">
        updated_time = #{record.updatedTime,jdbcType=DATE},
      </if>
      <if test="record.rateMonth != null">
        rate_month = #{record.rateMonth,jdbcType=DECIMAL},
      </if>
      <if test="record.rateQuarter != null">
        rate_quarter = #{record.rateQuarter,jdbcType=DECIMAL},
      </if>
      <if test="record.rateHalf != null">
        rate_half = #{record.rateHalf,jdbcType=DECIMAL},
      </if>
      <if test="record.rateYear != null">
        rate_year = #{record.rateYear,jdbcType=DECIMAL},
      </if>
      <if test="record.rateThreeYear != null">
        rate_three_year = #{record.rateThreeYear,jdbcType=DECIMAL},
      </if>
      <if test="record.rateFiveYear != null">
        rate_five_year = #{record.rateFiveYear,jdbcType=DECIMAL},
      </if>
      <if test="record.rateStart != null">
        rate_start = #{record.rateStart,jdbcType=DECIMAL},
      </if>
      <if test="record.startDate != null">
        start_date = #{record.startDate,jdbcType=DATE},
      </if>
      <if test="record.riskLevel != null">
        risk_level = #{record.riskLevel,jdbcType=VARCHAR},
      </if>
      <if test="record.scale != null">
        scale = #{record.scale,jdbcType=DECIMAL},
      </if>
      <if test="record.level != null">
        level = #{record.level,jdbcType=VARCHAR},
      </if>
    </set>
    <if test="_parameter != null">
      <include refid="Update_By_Example_Where_Clause" />
    </if>
  </update>
  <update id="updateByExample" parameterType="map">
    <!--
      WARNING - @mbg.generated
      This element is automatically generated by MyBatis Generator, do not modify.
      This element was generated on Thu Jan 10 14:50:37 CST 2019.
    -->
    update fund
    set code = #{record.code,jdbcType=CHAR},
      name = #{record.name,jdbcType=VARCHAR},
      type = #{record.type,jdbcType=VARCHAR},
      fund_house_code = #{record.fundHouseCode,jdbcType=VARCHAR},
      rate_current_year = #{record.rateCurrentYear,jdbcType=DECIMAL},
      rate_7days = #{record.rate7days,jdbcType=DECIMAL},
      net_value = #{record.netValue,jdbcType=DECIMAL},
      rate_net_value = #{record.rateNetValue,jdbcType=DECIMAL},
      total_value = #{record.totalValue,jdbcType=DECIMAL},
      updated_time = #{record.updatedTime,jdbcType=DATE},
      rate_month = #{record.rateMonth,jdbcType=DECIMAL},
      rate_quarter = #{record.rateQuarter,jdbcType=DECIMAL},
      rate_half = #{record.rateHalf,jdbcType=DECIMAL},
      rate_year = #{record.rateYear,jdbcType=DECIMAL},
      rate_three_year = #{record.rateThreeYear,jdbcType=DECIMAL},
      rate_five_year = #{record.rateFiveYear,jdbcType=DECIMAL},
      rate_start = #{record.rateStart,jdbcType=DECIMAL},
      start_date = #{record.startDate,jdbcType=DATE},
      risk_level = #{record.riskLevel,jdbcType=VARCHAR},
      scale = #{record.scale,jdbcType=DECIMAL},
      level = #{record.level,jdbcType=VARCHAR}
    <if test="_parameter != null">
      <include refid="Update_By_Example_Where_Clause" />
    </if>
  </update>
  <update id="updateByPrimaryKeySelective" parameterType="cn.blooming.bep.crawler.model.entity.Fund">
    <!--
      WARNING - @mbg.generated
      This element is automatically generated by MyBatis Generator, do not modify.
      This element was generated on Thu Jan 10 14:50:37 CST 2019.
    -->
    update fund
    <set>
      <if test="name != null">
        name = #{name,jdbcType=VARCHAR},
      </if>
      <if test="type != null">
        type = #{type,jdbcType=VARCHAR},
      </if>
      <if test="fundHouseCode != null">
        fund_house_code = #{fundHouseCode,jdbcType=VARCHAR},
      </if>
      <if test="rateCurrentYear != null">
        rate_current_year = #{rateCurrentYear,jdbcType=DECIMAL},
      </if>
      <if test="rate7days != null">
        rate_7days = #{rate7days,jdbcType=DECIMAL},
      </if>
      <if test="netValue != null">
        net_value = #{netValue,jdbcType=DECIMAL},
      </if>
      <if test="rateNetValue != null">
        rate_net_value = #{rateNetValue,jdbcType=DECIMAL},
      </if>
      <if test="totalValue != null">
        total_value = #{totalValue,jdbcType=DECIMAL},
      </if>
      <if test="updatedTime != null">
        updated_time = #{updatedTime,jdbcType=DATE},
      </if>
      <if test="rateMonth != null">
        rate_month = #{rateMonth,jdbcType=DECIMAL},
      </if>
      <if test="rateQuarter != null">
        rate_quarter = #{rateQuarter,jdbcType=DECIMAL},
      </if>
      <if test="rateHalf != null">
        rate_half = #{rateHalf,jdbcType=DECIMAL},
      </if>
      <if test="rateYear != null">
        rate_year = #{rateYear,jdbcType=DECIMAL},
      </if>
      <if test="rateThreeYear != null">
        rate_three_year = #{rateThreeYear,jdbcType=DECIMAL},
      </if>
      <if test="rateFiveYear != null">
        rate_five_year = #{rateFiveYear,jdbcType=DECIMAL},
      </if>
      <if test="rateStart != null">
        rate_start = #{rateStart,jdbcType=DECIMAL},
      </if>
      <if test="startDate != null">
        start_date = #{startDate,jdbcType=DATE},
      </if>
      <if test="riskLevel != null">
        risk_level = #{riskLevel,jdbcType=VARCHAR},
      </if>
      <if test="scale != null">
        scale = #{scale,jdbcType=DECIMAL},
      </if>
      <if test="level != null">
        level = #{level,jdbcType=VARCHAR},
      </if>
    </set>
    where code = #{code,jdbcType=CHAR}
  </update>
  <update id="updateByPrimaryKey" parameterType="cn.blooming.bep.crawler.model.entity.Fund">
    <!--
      WARNING - @mbg.generated
      This element is automatically generated by MyBatis Generator, do not modify.
      This element was generated on Thu Jan 10 14:50:37 CST 2019.
    -->
    update fund
    set name = #{name,jdbcType=VARCHAR},
      type = #{type,jdbcType=VARCHAR},
      fund_house_code = #{fundHouseCode,jdbcType=VARCHAR},
      rate_current_year = #{rateCurrentYear,jdbcType=DECIMAL},
      rate_7days = #{rate7days,jdbcType=DECIMAL},
      net_value = #{netValue,jdbcType=DECIMAL},
      rate_net_value = #{rateNetValue,jdbcType=DECIMAL},
      total_value = #{totalValue,jdbcType=DECIMAL},
      updated_time = #{updatedTime,jdbcType=DATE},
      rate_month = #{rateMonth,jdbcType=DECIMAL},
      rate_quarter = #{rateQuarter,jdbcType=DECIMAL},
      rate_half = #{rateHalf,jdbcType=DECIMAL},
      rate_year = #{rateYear,jdbcType=DECIMAL},
      rate_three_year = #{rateThreeYear,jdbcType=DECIMAL},
      rate_five_year = #{rateFiveYear,jdbcType=DECIMAL},
      rate_start = #{rateStart,jdbcType=DECIMAL},
      start_date = #{startDate,jdbcType=DATE},
      risk_level = #{riskLevel,jdbcType=VARCHAR},
      scale = #{scale,jdbcType=DECIMAL},
      level = #{level,jdbcType=VARCHAR}
    where code = #{code,jdbcType=CHAR}
  </update>
</mapper>