<?xml version="1.0" encoding="UTF-8"?>
<!DOCTYPE mapper PUBLIC "-//mybatis.org//DTD Mapper 3.0//EN" "http://mybatis.org/dtd/mybatis-3-mapper.dtd">
<mapper namespace="cn.blooming.bep.crawler.model.mapper.FundStatisticsMapper">
  <resultMap id="BaseResultMap" type="cn.blooming.bep.crawler.model.entity.FundStatistics">
    <id column="fund_type" jdbcType="VARCHAR" property="fundType" />
    <id column="date" jdbcType="DATE" property="date" />
    <result column="average" jdbcType="DECIMAL" property="average" />
    <result column="rate" jdbcType="DECIMAL" property="rate" />
    <result column="updated" jdbcType="TIMESTAMP" property="updated" />
    <result column="average_7days" jdbcType="DECIMAL" property="average7days" />
    <result column="average_1month" jdbcType="DECIMAL" property="average1month" />
    <result column="average_3month" jdbcType="DECIMAL" property="average3month" />
    <result column="average_6month" jdbcType="DECIMAL" property="average6month" />
    <result column="average_1year" jdbcType="DECIMAL" property="average1year" />
    <result column="average_2year" jdbcType="DECIMAL" property="average2year" />
    <result column="average_3year" jdbcType="DECIMAL" property="average3year" />
  </resultMap>
  <sql id="Example_Where_Clause">
    <!--
      WARNING - @mbg.generated
      This element is automatically generated by MyBatis Generator, do not modify.
      This element was generated on Thu Jan 10 14:50:37 CST 2019.
    -->
    <where>
      <foreach collection="oredCriteria" item="criteria" separator="or">
        <if test="criteria.valid">
          <trim prefix="(" prefixOverrides="and" suffix=")">
            <foreach collection="criteria.criteria" item="criterion">
              <choose>
                <when test="criterion.noValue">
                  and ${criterion.condition}
                </when>
                <when test="criterion.singleValue">
                  and ${criterion.condition} #{criterion.value}
                </when>
                <when test="criterion.betweenValue">
                  and ${criterion.condition} #{criterion.value} and #{criterion.secondValue}
                </when>
                <when test="criterion.listValue">
                  and ${criterion.condition}
                  <foreach close=")" collection="criterion.value" item="listItem" open="(" separator=",">
                    #{listItem}
                  </foreach>
                </when>
              </choose>
            </foreach>
          </trim>
        </if>
      </foreach>
    </where>
  </sql>
  <sql id="Update_By_Example_Where_Clause">
    <!--
      WARNING - @mbg.generated
      This element is automatically generated by MyBatis Generator, do not modify.
      This element was generated on Thu Jan 10 14:50:37 CST 2019.
    -->
    <where>
      <foreach collection="example.oredCriteria" item="criteria" separator="or">
        <if test="criteria.valid">
          <trim prefix="(" prefixOverrides="and" suffix=")">
            <foreach collection="criteria.criteria" item="criterion">
              <choose>
                <when test="criterion.noValue">
                  and ${criterion.condition}
                </when>
                <when test="criterion.singleValue">
                  and ${criterion.condition} #{criterion.value}
                </when>
                <when test="criterion.betweenValue">
                  and ${criterion.condition} #{criterion.value} and #{criterion.secondValue}
                </when>
                <when test="criterion.listValue">
                  and ${criterion.condition}
                  <foreach close=")" collection="criterion.value" item="listItem" open="(" separator=",">
                    #{listItem}
                  </foreach>
                </when>
              </choose>
            </foreach>
          </trim>
        </if>
      </foreach>
    </where>
  </sql>
  <sql id="Base_Column_List">
    <!--
      WARNING - @mbg.generated
      This element is automatically generated by MyBatis Generator, do not modify.
      This element was generated on Thu Jan 10 14:50:37 CST 2019.
    -->
    fund_type, date, average, rate, updated, average_7days, average_1month, average_3month, 
    average_6month, average_1year, average_2year, average_3year
  </sql>
  <select id="selectByExample" parameterType="cn.blooming.bep.crawler.model.entity.FundStatisticsExample" resultMap="BaseResultMap">
    <!--
      WARNING - @mbg.generated
      This element is automatically generated by MyBatis Generator, do not modify.
      This element was generated on Thu Jan 10 14:50:37 CST 2019.
    -->
    select
    <if test="distinct">
      distinct
    </if>
    <include refid="Base_Column_List" />
    from fund_statistics
    <if test="_parameter != null">
      <include refid="Example_Where_Clause" />
    </if>
    <if test="orderByClause != null">
      order by ${orderByClause}
    </if>
  </select>
  <select id="selectByPrimaryKey" parameterType="cn.blooming.bep.crawler.model.entity.FundStatisticsKey" resultMap="BaseResultMap">
    <!--
      WARNING - @mbg.generated
      This element is automatically generated by MyBatis Generator, do not modify.
      This element was generated on Thu Jan 10 14:50:37 CST 2019.
    -->
    select 
    <include refid="Base_Column_List" />
    from fund_statistics
    where fund_type = #{fundType,jdbcType=VARCHAR}
      and date = #{date,jdbcType=DATE}
  </select>
  <delete id="deleteByPrimaryKey" parameterType="cn.blooming.bep.crawler.model.entity.FundStatisticsKey">
    <!--
      WARNING - @mbg.generated
      This element is automatically generated by MyBatis Generator, do not modify.
      This element was generated on Thu Jan 10 14:50:37 CST 2019.
    -->
    delete from fund_statistics
    where fund_type = #{fundType,jdbcType=VARCHAR}
      and date = #{date,jdbcType=DATE}
  </delete>
  <delete id="deleteByExample" parameterType="cn.blooming.bep.crawler.model.entity.FundStatisticsExample">
    <!--
      WARNING - @mbg.generated
      This element is automatically generated by MyBatis Generator, do not modify.
      This element was generated on Thu Jan 10 14:50:37 CST 2019.
    -->
    delete from fund_statistics
    <if test="_parameter != null">
      <include refid="Example_Where_Clause" />
    </if>
  </delete>
  <insert id="insert" parameterType="cn.blooming.bep.crawler.model.entity.FundStatistics">
    <!--
      WARNING - @mbg.generated
      This element is automatically generated by MyBatis Generator, do not modify.
      This element was generated on Thu Jan 10 14:50:37 CST 2019.
    -->
    insert into fund_statistics (fund_type, date, average, 
      rate, updated, average_7days, 
      average_1month, average_3month, average_6month, 
      average_1year, average_2year, average_3year
      )
    values (#{fundType,jdbcType=VARCHAR}, #{date,jdbcType=DATE}, #{average,jdbcType=DECIMAL}, 
      #{rate,jdbcType=DECIMAL}, #{updated,jdbcType=TIMESTAMP}, #{average7days,jdbcType=DECIMAL}, 
      #{average1month,jdbcType=DECIMAL}, #{average3month,jdbcType=DECIMAL}, #{average6month,jdbcType=DECIMAL}, 
      #{average1year,jdbcType=DECIMAL}, #{average2year,jdbcType=DECIMAL}, #{average3year,jdbcType=DECIMAL}
      )
  </insert>
  <insert id="insertSelective" parameterType="cn.blooming.bep.crawler.model.entity.FundStatistics">
    <!--
      WARNING - @mbg.generated
      This element is automatically generated by MyBatis Generator, do not modify.
      This element was generated on Thu Jan 10 14:50:37 CST 2019.
    -->
    insert into fund_statistics
    <trim prefix="(" suffix=")" suffixOverrides=",">
      <if test="fundType != null">
        fund_type,
      </if>
      <if test="date != null">
        date,
      </if>
      <if test="average != null">
        average,
      </if>
      <if test="rate != null">
        rate,
      </if>
      <if test="updated != null">
        updated,
      </if>
      <if test="average7days != null">
        average_7days,
      </if>
      <if test="average1month != null">
        average_1month,
      </if>
      <if test="average3month != null">
        average_3month,
      </if>
      <if test="average6month != null">
        average_6month,
      </if>
      <if test="average1year != null">
        average_1year,
      </if>
      <if test="average2year != null">
        average_2year,
      </if>
      <if test="average3year != null">
        average_3year,
      </if>
    </trim>
    <trim prefix="values (" suffix=")" suffixOverrides=",">
      <if test="fundType != null">
        #{fundType,jdbcType=VARCHAR},
      </if>
      <if test="date != null">
        #{date,jdbcType=DATE},
      </if>
      <if test="average != null">
        #{average,jdbcType=DECIMAL},
      </if>
      <if test="rate != null">
        #{rate,jdbcType=DECIMAL},
      </if>
      <if test="updated != null">
        #{updated,jdbcType=TIMESTAMP},
      </if>
      <if test="average7days != null">
        #{average7days,jdbcType=DECIMAL},
      </if>
      <if test="average1month != null">
        #{average1month,jdbcType=DECIMAL},
      </if>
      <if test="average3month != null">
        #{average3month,jdbcType=DECIMAL},
      </if>
      <if test="average6month != null">
        #{average6month,jdbcType=DECIMAL},
      </if>
      <if test="average1year != null">
        #{average1year,jdbcType=DECIMAL},
      </if>
      <if test="average2year != null">
        #{average2year,jdbcType=DECIMAL},
      </if>
      <if test="average3year != null">
        #{average3year,jdbcType=DECIMAL},
      </if>
    </trim>
  </insert>
  <select id="countByExample" parameterType="cn.blooming.bep.crawler.model.entity.FundStatisticsExample" resultType="java.lang.Long">
    <!--
      WARNING - @mbg.generated
      This element is automatically generated by MyBatis Generator, do not modify.
      This element was generated on Thu Jan 10 14:50:37 CST 2019.
    -->
    select count(*) from fund_statistics
    <if test="_parameter != null">
      <include refid="Example_Where_Clause" />
    </if>
  </select>
  <update id="updateByExampleSelective" parameterType="map">
    <!--
      WARNING - @mbg.generated
      This element is automatically generated by MyBatis Generator, do not modify.
      This element was generated on Thu Jan 10 14:50:37 CST 2019.
    -->
    update fund_statistics
    <set>
      <if test="record.fundType != null">
        fund_type = #{record.fundType,jdbcType=VARCHAR},
      </if>
      <if test="record.date != null">
        date = #{record.date,jdbcType=DATE},
      </if>
      <if test="record.average != null">
        average = #{record.average,jdbcType=DECIMAL},
      </if>
      <if test="record.rate != null">
        rate = #{record.rate,jdbcType=DECIMAL},
      </if>
      <if test="record.updated != null">
        updated = #{record.updated,jdbcType=TIMESTAMP},
      </if>
      <if test="record.average7days != null">
        average_7days = #{record.average7days,jdbcType=DECIMAL},
      </if>
      <if test="record.average1month != null">
        average_1month = #{record.average1month,jdbcType=DECIMAL},
      </if>
      <if test="record.average3month != null">
        average_3month = #{record.average3month,jdbcType=DECIMAL},
      </if>
      <if test="record.average6month != null">
        average_6month = #{record.average6month,jdbcType=DECIMAL},
      </if>
      <if test="record.average1year != null">
        average_1year = #{record.average1year,jdbcType=DECIMAL},
      </if>
      <if test="record.average2year != null">
        average_2year = #{record.average2year,jdbcType=DECIMAL},
      </if>
      <if test="record.average3year != null">
        average_3year = #{record.average3year,jdbcType=DECIMAL},
      </if>
    </set>
    <if test="_parameter != null">
      <include refid="Update_By_Example_Where_Clause" />
    </if>
  </update>
  <update id="updateByExample" parameterType="map">
    <!--
      WARNING - @mbg.generated
      This element is automatically generated by MyBatis Generator, do not modify.
      This element was generated on Thu Jan 10 14:50:37 CST 2019.
    -->
    update fund_statistics
    set fund_type = #{record.fundType,jdbcType=VARCHAR},
      date = #{record.date,jdbcType=DATE},
      average = #{record.average,jdbcType=DECIMAL},
      rate = #{record.rate,jdbcType=DECIMAL},
      updated = #{record.updated,jdbcType=TIMESTAMP},
      average_7days = #{record.average7days,jdbcType=DECIMAL},
      average_1month = #{record.average1month,jdbcType=DECIMAL},
      average_3month = #{record.average3month,jdbcType=DECIMAL},
      average_6month = #{record.average6month,jdbcType=DECIMAL},
      average_1year = #{record.average1year,jdbcType=DECIMAL},
      average_2year = #{record.average2year,jdbcType=DECIMAL},
      average_3year = #{record.average3year,jdbcType=DECIMAL}
    <if test="_parameter != null">
      <include refid="Update_By_Example_Where_Clause" />
    </if>
  </update>
  <update id="updateByPrimaryKeySelective" parameterType="cn.blooming.bep.crawler.model.entity.FundStatistics">
    <!--
      WARNING - @mbg.generated
      This element is automatically generated by MyBatis Generator, do not modify.
      This element was generated on Thu Jan 10 14:50:37 CST 2019.
    -->
    update fund_statistics
    <set>
      <if test="average != null">
        average = #{average,jdbcType=DECIMAL},
      </if>
      <if test="rate != null">
        rate = #{rate,jdbcType=DECIMAL},
      </if>
      <if test="updated != null">
        updated = #{updated,jdbcType=TIMESTAMP},
      </if>
      <if test="average7days != null">
        average_7days = #{average7days,jdbcType=DECIMAL},
      </if>
      <if test="average1month != null">
        average_1month = #{average1month,jdbcType=DECIMAL},
      </if>
      <if test="average3month != null">
        average_3month = #{average3month,jdbcType=DECIMAL},
      </if>
      <if test="average6month != null">
        average_6month = #{average6month,jdbcType=DECIMAL},
      </if>
      <if test="average1year != null">
        average_1year = #{average1year,jdbcType=DECIMAL},
      </if>
      <if test="average2year != null">
        average_2year = #{average2year,jdbcType=DECIMAL},
      </if>
      <if test="average3year != null">
        average_3year = #{average3year,jdbcType=DECIMAL},
      </if>
    </set>
    where fund_type = #{fundType,jdbcType=VARCHAR}
      and date = #{date,jdbcType=DATE}
  </update>
  <update id="updateByPrimaryKey" parameterType="cn.blooming.bep.crawler.model.entity.FundStatistics">
    <!--
      WARNING - @mbg.generated
      This element is automatically generated by MyBatis Generator, do not modify.
      This element was generated on Thu Jan 10 14:50:37 CST 2019.
    -->
    update fund_statistics
    set average = #{average,jdbcType=DECIMAL},
      rate = #{rate,jdbcType=DECIMAL},
      updated = #{updated,jdbcType=TIMESTAMP},
      average_7days = #{average7days,jdbcType=DECIMAL},
      average_1month = #{average1month,jdbcType=DECIMAL},
      average_3month = #{average3month,jdbcType=DECIMAL},
      average_6month = #{average6month,jdbcType=DECIMAL},
      average_1year = #{average1year,jdbcType=DECIMAL},
      average_2year = #{average2year,jdbcType=DECIMAL},
      average_3year = #{average3year,jdbcType=DECIMAL}
    where fund_type = #{fundType,jdbcType=VARCHAR}
      and date = #{date,jdbcType=DATE}
  </update>
</mapper>